,Unnamed: 0,title,vote_average,vote_count,popularity
80,34987,Eagles Over London,5.8,3.0,0.444586
84,35200,Maidan,10.0,3.0,0.16355
33,391,Fall Time,6.3,6.0,1.108494
81,33752,Midnight FM,6.9,36.0,1.924528
93,5856,Nicholas Nickleby,6.8,50.0,4.056577
17,40780,The Last Band in Lebanon,0.0,0.0,0.49439
36,33586,"Connasse, Princesse des cœurs",5.9,215.0,4.4767410000000005
82,44769,The Law Is the Law,7.2,13.0,0.591066
69,37252,Sulemani Keeda,0.0,1.0,0.10162
65,13770,New in Town,5.2,99.0,12.357072
